Title;Author;ReleaseDate;ISBN
Krieg, stell dir vor er sei hier;Jane Teller;2015-08;3213777163
Das Lied von Eis und Feuer;George R.R. Martin;2012-06;34534785378374
Joe Mama;Gertrunde Mamasimo;2042-09;7985312548
1 2 3 4 5 6 7 8 9  10 11 12 13 14 15 16 17 18 titel;George R.R. Martin;2012-06;34534785378374
Test Film;Author;2023-09;8355z234545
Krieg, stell dir vor er sei hier;Jane Teller;2015-08;3213777163
Das Lied von Eis und Feuer;George R.R. Martin;2012-06;34534785378374
Joe Mama;Gertrunde Mamasimo;2042-09;7985312548
Test Film;Author;2023-09;8355z234545
Krieg, stell dir vor er sei hier;Jane Teller;2015-08;3213777163
Das Lied von Eis und Feuer;George R.R. Martin;2012-06;34534785378374
Joe Mama;Gertrunde Mamasimo;2042-09;7985312548
Test Film;Author;2023-09;8355z234545
Krieg, stell dir vor er sei hier;Jane Teller;2015-08;3213777163
Das Lied von Eis und Feuer;George R.R. Martin;2012-06;34534785378374
Joe Mama;Gertrunde Mamasimo;2042-09;7985312548
Test Film;Author;2023-09;8355z234545
Krieg, stell dir vor er sei hier;Jane Teller;2015-08;3213777163
Das Lied von Eis und Feuer;George R.R. Martin;2012-06;34534785378374
Joe Mama;Gertrunde Mamasimo;2042-09;7985312548
Test Film;Author;2023-09;8355z234545
Krieg, stell dir vor er sei hier;Jane Teller;2015-08;3213777163
Das Lied von Eis und Feuer;George R.R. Martin;2012-06;34534785378374
Joe Mama;Gertrunde Mamasimo;2042-09;7985312548
Test Film;Author;2023-09;8355z234545